0,Geoffrey,Left to Right Line
1,Geoffrey,Left to Right Line
2,Geoffrey,Left to Right Line
3,Geoffrey,Left to Right Line
4,Geoffrey,Left to Right Line
5,Geoffrey,Square
6,Geoffrey,BAD
7,Geoffrey,BAD
8,Geoffrey,Square
9,Geoffrey,Square
10,Geoffrey,Square
11,Geoffrey,Square
12,Geoffrey,Quadrants
13,Geoffrey,Quadrants
14,Geoffrey,Quadrants
15,Geoffrey,Quadrants
16,Geoffrey,Quadrants
17,Geoffrey,Sat Night Fever
18,Geoffrey,Sat Night Fever
19,Geoffrey,Sat Night Fever
20,Geoffrey,Sat Night Fever
21,Geoffrey,Sat Night Fever
22,Geoffrey,Salute
23,Geoffrey,Salute
24,Geoffrey,Salute
25,Geoffrey,Salute
26,Geoffrey,Salute
27,Geoffrey,ZQuadrants
28,Geoffrey,ZQuadrants
29,Geoffrey,ZQuadrants
30,Geoffrey,ZQuadrants
31,Geoffrey,ZQuadrants
32,Adrian,Left to Right Line
33,Adrian,Left to Right Line
34,Adrian,Left to Right Line
35,Adrian,Left to Right Line
36,Adrian,Left to Right Line
37,Adrian,Square
38,Adrian,Square
39,Adrian,Square
40,Adrian,Square
41,Adrian,Square
42,Adrian,Quadrants
43,Adrian,Quadrants
44,Adrian,Quadrants
45,Adrian,Quadrants
46,Adrian,Quadrants
47,Adrian,Sat Night Fever
48,Adrian,Sat Night Fever
49,Adrian,Sat Night Fever
50,Adrian,Sat Night Fever
51,Adrian,Sat Night Fever
52,Adrian,Salute
53,Adrian,Salute
54,Adrian,Salute
55,Adrian,Salute
56,Adrian,Salute
57,Adrian,ZQuadrants
58,Adrian,ZQuadrants
59,Adrian,ZQuadrants
60,Adrian,ZQuadrants
61,Adrian,ZQuadrants
62,Yukti,BAD
63,Yukti,Left to Right Line
64,Yukti,BAD
65,Yukti,BAD
66,Yukti,BAD
67,Yukti,BAD
68,Yukti,Left to Right Line
69,Yukti,Left to Right Line
70,Yukti,Left to Right Line
71,Yukti,Square
72,Yukti,Square
73,Yukti,Square
74,Yukti,Square
75,Yukti,Square
76,Yukti,Quadrants
77,Yukti,Quadrants
78,Yukti,Quadrants
79,Yukti,Quadrants
80,Yukti,Quadrants
81,Yukti,Sat Night Fever
82,Yukti,Sat Night Fever
83,Yukti,Sat Night Fever
84,Yukti,Sat Night Fever
85,Yukti,Sat Night Fever
86,Yukti,Salute
87,Yukti,Salute
88,Yukti,Salute
89,Yukti,Salute
90,Yukti,Salute
91,Yukti,ZQuadrants
92,Yukti,ZQuadrants
93,Yukti,ZQuadrants
94,Yukti,ZQuadrants
95,Yukti,ZQuadrants
