0,Geoffrey,Left to Right Line,,,
1,Geoffrey,Left to Right Line,,,
2,Geoffrey,Left to Right Line,,,
3,Geoffrey,Left to Right Line,,,
4,Geoffrey,Left to Right Line,,,
5,Geoffrey,Square,,,
6,Geoffrey,BAD,,,
7,Geoffrey,Square,,,
8,Geoffrey,Square,,,
9,Geoffrey,Square,,,
10,Geoffrey,Square,,,
11,Geoffrey,Quadrants,,,
12,Geoffrey,Quadrants,,,
13,Geoffrey,Quadrants,,,
14,Geoffrey,Quadrants,,,
15,Geoffrey,Quadrants,,,
16,Geoffrey,Sat Night Fever,,,
17,Geoffrey,Sat Night Fever,,,
18,Geoffrey,Sat Night Fever,,,
19,Geoffrey,Sat Night Fever,,,
20,Geoffrey,Sat Night Fever,,,
21,Geoffrey,Salute,,,
22,Geoffrey,Salute,,,
23,Geoffrey,Salute,,,
24,Geoffrey,Salute,,,
25,Geoffrey,Salute,,,
26,Geoffrey,ZQuadrants,,,
27,Geoffrey,ZQuadrants,,,
28,Geoffrey,ZQuadrants,,,
29,Geoffrey,ZQuadrants,,,
30,Geoffrey,ZQuadrants,,,
31,Adrian,Left to Right Line,,,
32,Adrian,Left to Right Line,,,
33,Adrian,Left to Right Line,,,
34,Adrian,Left to Right Line,,,
35,Adrian,Left to Right Line,,,
36,Adrian,Square,,,
37,Adrian,Square,,,
38,Adrian,Square,,,
39,Adrian,Square,,,
40,Adrian,Square,,,
41,Adrian,Quadrants,,,
42,Adrian,BAD,,,
43,Adrian,Quadrants,,,
44,Adrian,Quadrants,,,
45,Adrian,Quadrants,,,
46,Adrian,Quadrants,,,
47,Adrian,Sat Night Fever,,,
48,Adrian,Sat Night Fever,,,
49,Adrian,Sat Night Fever,,,
50,Adrian,Sat Night Fever,,,
51,Adrian,Sat Night Fever,,,
52,Adrian,Salute,,,
53,Adrian,Salute,,,
54,Adrian,Salute,,,
55,Adrian,Salute,,,
56,Adrian,Salute,,,
57,Adrian,ZQuadrants,,,
58,Adrian,ZQuadrants,,,
59,Adrian,ZQuadrants,,,
60,Adrian,ZQuadrants,,,
61,Adrian,ZQuadrants,,,
62,Yukti,Left to Right Line,,,
63,Yukti,Left to Right Line,,,
64,Yukti,Left to Right Line,,,
65,Yukti,Left to Right Line,,,
66,Yukti,Left to Right Line,,,
67,Yukti,Square,,,
68,Yukti,Square,,,
69,Yukti,Square,,,
70,Yukti,Square,,,
71,Yukti,Square,,,
72,Yukti,BAD,,,
73,Yukti,BAD,,,
74,Yukti,Quadrants,,,
75,Yukti,Quadrants,,,
76,Yukti,Quadrants,,,
77,Yukti,Quadrants,,,
78,Yukti,Quadrants,,,
79,Yukti,Sat Night Fever,,,
80,Yukti,BAD,,,
81,Yukti,Sat Night Fever,,,
82,Yukti,Sat Night Fever,,,
83,Yukti,Sat Night Fever,,,
84,Yukti,Sat Night Fever,,,
85,Yukti,Salute,,,
86,Yukti,Salute,,,
87,Yukti,Salute,,,
88,Yukti,Salute,,,
89,Yukti,Salute,,,
90,Yukti,ZQuadrants,,,
91,Yukti,ZQuadrants,,,
92,Yukti,ZQuadrants,,,
93,Yukti,ZQuadrants,,,
94,Yukti,ZQuadrants,,,
95,Yukti,ZQuadrants,,,
